step	checkpoint	status	fid	cfg	num_requested	num_png	seed	timestamp_utc
1000000	/home/nvidia/SiT-official-bs256/results-official-bs256-400k/000-SiT-S-2-Linear-velocity-None/checkpoints/1000000.pt	ok	48.29311023150069	1.0	50000	50176	0	2026-07-22T03:33:11.273379+00:00
1050000	/home/nvidia/SiT-official-bs256/results-official-bs256-400k/000-SiT-S-2-Linear-velocity-None/checkpoints/1050000.pt	ok	48.018564188901564	1.0	50000	50176	0	2026-07-22T06:16:58.701669+00:00
1100000	/home/nvidia/SiT-official-bs256/results-official-bs256-400k/000-SiT-S-2-Linear-velocity-None/checkpoints/1100000.pt	ok	47.47688964066043	1.0	50000	50176	0	2026-07-22T09:01:01.876690+00:00
1150000	/home/nvidia/SiT-official-bs256/results-official-bs256-400k/000-SiT-S-2-Linear-velocity-None/checkpoints/1150000.pt	ok	47.10925915220656	1.0	50000	50176	0	2026-07-22T11:44:42.044226+00:00
1200000	/home/nvidia/SiT-official-bs256/results-official-bs256-400k/000-SiT-S-2-Linear-velocity-None/checkpoints/1200000.pt	ok	46.718045833545546	1.0	50000	50176	0	2026-07-22T14:28:44.897893+00:00
1250000	/home/nvidia/SiT-official-bs256/results-official-bs256-400k/000-SiT-S-2-Linear-velocity-None/checkpoints/1250000.pt	ok	46.414511520279234	1.0	50000	50176	0	2026-07-22T17:32:00.597820+00:00
1300000	/home/nvidia/SiT-official-bs256/results-official-bs256-400k/000-SiT-S-2-Linear-velocity-None/checkpoints/1300000.pt	ok	45.92057227506251	1.0	50000	50176	0	2026-07-22T20:16:10.465171+00:00
1350000	/home/nvidia/SiT-official-bs256/results-official-bs256-400k/000-SiT-S-2-Linear-velocity-None/checkpoints/1350000.pt	ok	45.89153691429402	1.0	50000	50176	0	2026-07-22T23:00:16.427930+00:00
1400000	/home/nvidia/SiT-official-bs256/results-official-bs256-400k/000-SiT-S-2-Linear-velocity-None/checkpoints/1400000.pt	ok	45.54178671851474	1.0	50000	50176	0	2026-07-23T01:44:23.027126+00:00
1450000	/home/nvidia/SiT-official-bs256/results-official-bs256-400k/000-SiT-S-2-Linear-velocity-None/checkpoints/1450000.pt	ok	45.116327425034854	1.0	50000	50176	0	2026-07-23T04:28:29.462587+00:00
1500000	/home/nvidia/SiT-official-bs256/results-official-bs256-400k/000-SiT-S-2-Linear-velocity-None/checkpoints/1500000.pt	ok	44.962781651113005	1.0	50000	50176	0	2026-07-23T07:12:39.286539+00:00
1550000	/home/nvidia/SiT-official-bs256/results-official-bs256-400k/000-SiT-S-2-Linear-velocity-None/checkpoints/1550000.pt	ok	44.842452348401196	1.0	50000	50176	0	2026-07-23T09:56:37.374904+00:00
1600000	/home/nvidia/SiT-official-bs256/results-official-bs256-400k/000-SiT-S-2-Linear-velocity-None/checkpoints/1600000.pt	ok	44.640852044147266	1.0	50000	50176	0	2026-07-23T12:40:46.596453+00:00
1650000	/home/nvidia/SiT-official-bs256/results-official-bs256-400k/000-SiT-S-2-Linear-velocity-None/checkpoints/1650000.pt	ok	44.237907149190846	1.0	50000	50176	0	2026-07-23T15:24:58.652950+00:00
1700000	/home/nvidia/SiT-official-bs256/results-official-bs256-400k/000-SiT-S-2-Linear-velocity-None/checkpoints/1700000.pt	ok	44.136045077932806	1.0	50000	50176	0	2026-07-23T18:26:45.897450+00:00
1750000	/home/nvidia/SiT-official-bs256/results-official-bs256-400k/000-SiT-S-2-Linear-velocity-None/checkpoints/1750000.pt	ok	43.767861385718845	1.0	50000	50176	0	2026-07-23T21:10:59.723969+00:00
1800000	/home/nvidia/SiT-official-bs256/results-official-bs256-400k/000-SiT-S-2-Linear-velocity-None/checkpoints/1800000.pt	ok	43.64788291826136	1.0	50000	50176	0	2026-07-23T23:55:10.773687+00:00
1850000	/home/nvidia/SiT-official-bs256/results-official-bs256-400k/000-SiT-S-2-Linear-velocity-None/checkpoints/1850000.pt	ok	43.409102472303005	1.0	50000	50176	0	2026-07-24T02:39:16.581973+00:00
1900000	/home/nvidia/SiT-official-bs256/results-official-bs256-400k/000-SiT-S-2-Linear-velocity-None/checkpoints/1900000.pt	ok	43.21848172913133	1.0	50000	50176	0	2026-07-24T05:23:19.752006+00:00
1950000	/home/nvidia/SiT-official-bs256/results-official-bs256-400k/000-SiT-S-2-Linear-velocity-None/checkpoints/1950000.pt	ok	42.921743510806834	1.0	50000	50176	0	2026-07-24T08:07:41.369097+00:00
2000000	/home/nvidia/SiT-official-bs256/results-official-bs256-400k/000-SiT-S-2-Linear-velocity-None/checkpoints/2000000.pt	ok	42.80858523280904	1.0	50000	50176	0	2026-07-24T10:51:57.437664+00:00
2050000	/home/nvidia/SiT-official-bs256/results-official-bs256-400k/000-SiT-S-2-Linear-velocity-None/checkpoints/2050000.pt	ok	42.67307960077221	1.0	50000	50176	0	2026-07-24T13:36:12.546595+00:00
2100000	/home/nvidia/SiT-official-bs256/results-official-bs256-400k/000-SiT-S-2-Linear-velocity-None/checkpoints/2100000.pt	ok	42.443703960448886	1.0	50000	50176	0	2026-07-24T16:21:04.406803+00:00
2150000	/home/nvidia/SiT-official-bs256/results-official-bs256-400k/000-SiT-S-2-Linear-velocity-None/checkpoints/2150000.pt	ok	42.50299269928496	1.0	50000	50176	0	2026-07-24T19:22:47.091546+00:00
2200000	/home/nvidia/SiT-official-bs256/results-official-bs256-400k/000-SiT-S-2-Linear-velocity-None/checkpoints/2200000.pt	ok	42.20738877449185	1.0	50000	50176	0	2026-07-27T04:37:51.175075+00:00
2250000	/home/nvidia/SiT-official-bs256/results-official-bs256-400k/000-SiT-S-2-Linear-velocity-None/checkpoints/2250000.pt	ok	42.09083954185155	1.0	50000	50176	0	2026-07-27T07:22:06.775572+00:00
2300000	/home/nvidia/SiT-official-bs256/results-official-bs256-400k/000-SiT-S-2-Linear-velocity-None/checkpoints/2300000.pt	ok	41.95050261156155	1.0	50000	50176	0	2026-07-27T10:06:30.595161+00:00
2350000	/home/nvidia/SiT-official-bs256/results-official-bs256-400k/000-SiT-S-2-Linear-velocity-None/checkpoints/2350000.pt	ok	41.72793962332611	1.0	50000	50176	0	2026-07-27T12:51:06.430298+00:00
2400000	/home/nvidia/SiT-official-bs256/results-official-bs256-400k/000-SiT-S-2-Linear-velocity-None/checkpoints/2400000.pt	ok	41.68562578798634	1.0	50000	50176	0	2026-07-27T15:35:39.897651+00:00
2450000	/home/nvidia/SiT-official-bs256/results-official-bs256-400k/000-SiT-S-2-Linear-velocity-None/checkpoints/2450000.pt	ok	41.43696452027939	1.0	50000	50176	0	2026-07-27T18:20:03.971453+00:00
2500000	/home/nvidia/SiT-official-bs256/results-official-bs256-400k/000-SiT-S-2-Linear-velocity-None/checkpoints/2500000.pt	ok	41.54235319764359	1.0	50000	50176	0	2026-07-27T21:04:36.195527+00:00
2550000	/home/nvidia/SiT-official-bs256/results-official-bs256-400k/000-SiT-S-2-Linear-velocity-None/checkpoints/2550000.pt	ok	41.33031665291526	1.0	50000	50176	0	2026-07-28T18:27:35.792552+00:00
2600000	/home/nvidia/SiT-official-bs256/results-official-bs256-400k/000-SiT-S-2-Linear-velocity-None/checkpoints/2600000.pt	ok	41.09229129923432	1.0	50000	50176	0	2026-07-28T21:12:00.197229+00:00
2650000	/home/nvidia/SiT-official-bs256/results-official-bs256-400k/000-SiT-S-2-Linear-velocity-None/checkpoints/2650000.pt	ok	41.04462000106378	1.0	50000	50176	0	2026-07-28T23:56:30.747960+00:00
2700000	/home/nvidia/SiT-official-bs256/results-official-bs256-400k/000-SiT-S-2-Linear-velocity-None/checkpoints/2700000.pt	ok	40.986577043428895	1.0	50000	50176	0	2026-07-29T02:41:03.183436+00:00
2750000	/home/nvidia/SiT-official-bs256/results-official-bs256-400k/000-SiT-S-2-Linear-velocity-None/checkpoints/2750000.pt	ok	40.88498184813966	1.0	50000	50176	0	2026-07-29T05:25:36.916055+00:00
2800000	/home/nvidia/SiT-official-bs256/results-official-bs256-400k/000-SiT-S-2-Linear-velocity-None/checkpoints/2800000.pt	ok	40.794031115349355	1.0	50000	50176	0	2026-07-29T08:10:12.737171+00:00
2850000	/home/nvidia/SiT-official-bs256/results-official-bs256-400k/000-SiT-S-2-Linear-velocity-None/checkpoints/2850000.pt	ok	40.42894815467065	1.0	50000	50176	0	2026-07-29T10:54:46.079051+00:00
2900000	/home/nvidia/SiT-official-bs256/results-official-bs256-400k/000-SiT-S-2-Linear-velocity-None/checkpoints/2900000.pt	ok	40.422900985210845	1.0	50000	50176	0	2026-07-29T13:39:29.665685+00:00
2950000	/home/nvidia/SiT-official-bs256/results-official-bs256-400k/000-SiT-S-2-Linear-velocity-None/checkpoints/2950000.pt	ok	40.54817889332162	1.0	50000	50176	0	2026-07-29T16:46:35.078607+00:00
3000000	/home/nvidia/SiT-official-bs256/results-official-bs256-400k/000-SiT-S-2-Linear-velocity-None/checkpoints/3000000.pt	ok	40.46896141626422	1.0	50000	50176	0	2026-07-29T19:31:07.135111+00:00
3050000	/home/nvidia/SiT-official-bs256/results-official-bs256-400k/000-SiT-S-2-Linear-velocity-None/checkpoints/3050000.pt	ok	40.25837670401995	1.0	50000	50176	0	2026-07-29T22:15:37.950844+00:00
3100000	/home/nvidia/SiT-official-bs256/results-official-bs256-400k/000-SiT-S-2-Linear-velocity-None/checkpoints/3100000.pt	ok	40.21306397405647	1.0	50000	50176	0	2026-07-30T01:00:08.137327+00:00
3150000	/home/nvidia/SiT-official-bs256/results-official-bs256-400k/000-SiT-S-2-Linear-velocity-None/checkpoints/3150000.pt	ok	40.238701584494436	1.0	50000	50176	0	2026-07-30T03:44:41.736117+00:00
3250000	/home/nvidia/SiT-official-bs256/results-official-bs256-400k/000-SiT-S-2-Linear-velocity-None/checkpoints/3250000.pt	ok	39.798277728671735	1.0	50000	50176	0	2026-07-30T09:08:00.799118+00:00
3500000	/home/nvidia/SiT-official-bs256/results-official-bs256-400k/000-SiT-S-2-Linear-velocity-None/checkpoints/3500000.pt	ok	39.5760757594021	1.0	50000	50176	0	2026-07-30T22:46:26.192799+00:00
3750000	/home/nvidia/SiT-official-bs256/results-official-bs256-400k/000-SiT-S-2-Linear-velocity-None/checkpoints/3750000.pt	ok	39.16467116363083	1.0	50000	50176	0	2026-07-31T12:03:12.844048+00:00
4000000	/home/nvidia/SiT-official-bs256/results-official-bs256-400k/000-SiT-S-2-Linear-velocity-None/checkpoints/4000000.pt	ok	38.87082736834208	1.0	50000	50176	0	2026-08-01T01:39:07.070873+00:00
