model,step,epoch,fid,cfg,num_png,checkpoint,timestamp_utc,source
Base,1000000,199.84012789768187,48.29311023150069,1.0,50176,/home/nvidia/SiT-official-bs256/results-official-bs256-400k/000-SiT-S-2-Linear-velocity-None/checkpoints/1000000.pt,2026-07-22T03:33:11.273379+00:00,experiments/bs256_lr1e-4/base/fid_cfg1_50k.tsv
Base,1050000,209.83213429256594,48.018564188901564,1.0,50176,/home/nvidia/SiT-official-bs256/results-official-bs256-400k/000-SiT-S-2-Linear-velocity-None/checkpoints/1050000.pt,2026-07-22T06:16:58.701669+00:00,experiments/bs256_lr1e-4/base/fid_cfg1_50k.tsv
Base,1100000,219.82414068745004,47.47688964066043,1.0,50176,/home/nvidia/SiT-official-bs256/results-official-bs256-400k/000-SiT-S-2-Linear-velocity-None/checkpoints/1100000.pt,2026-07-22T09:01:01.876690+00:00,experiments/bs256_lr1e-4/base/fid_cfg1_50k.tsv
Base,1150000,229.81614708233414,47.10925915220656,1.0,50176,/home/nvidia/SiT-official-bs256/results-official-bs256-400k/000-SiT-S-2-Linear-velocity-None/checkpoints/1150000.pt,2026-07-22T11:44:42.044226+00:00,experiments/bs256_lr1e-4/base/fid_cfg1_50k.tsv
Base,1200000,239.8081534772182,46.718045833545546,1.0,50176,/home/nvidia/SiT-official-bs256/results-official-bs256-400k/000-SiT-S-2-Linear-velocity-None/checkpoints/1200000.pt,2026-07-22T14:28:44.897893+00:00,experiments/bs256_lr1e-4/base/fid_cfg1_50k.tsv
Base,1250000,249.8001598721023,46.414511520279234,1.0,50176,/home/nvidia/SiT-official-bs256/results-official-bs256-400k/000-SiT-S-2-Linear-velocity-None/checkpoints/1250000.pt,2026-07-22T17:32:00.597820+00:00,experiments/bs256_lr1e-4/base/fid_cfg1_50k.tsv
Base,1300000,259.7921662669864,45.92057227506251,1.0,50176,/home/nvidia/SiT-official-bs256/results-official-bs256-400k/000-SiT-S-2-Linear-velocity-None/checkpoints/1300000.pt,2026-07-22T20:16:10.465171+00:00,experiments/bs256_lr1e-4/base/fid_cfg1_50k.tsv
Base,1350000,269.7841726618705,45.89153691429402,1.0,50176,/home/nvidia/SiT-official-bs256/results-official-bs256-400k/000-SiT-S-2-Linear-velocity-None/checkpoints/1350000.pt,2026-07-22T23:00:16.427930+00:00,experiments/bs256_lr1e-4/base/fid_cfg1_50k.tsv
Base,1400000,279.7761790567546,45.54178671851474,1.0,50176,/home/nvidia/SiT-official-bs256/results-official-bs256-400k/000-SiT-S-2-Linear-velocity-None/checkpoints/1400000.pt,2026-07-23T01:44:23.027126+00:00,experiments/bs256_lr1e-4/base/fid_cfg1_50k.tsv
Base,1450000,289.7681854516387,45.116327425034854,1.0,50176,/home/nvidia/SiT-official-bs256/results-official-bs256-400k/000-SiT-S-2-Linear-velocity-None/checkpoints/1450000.pt,2026-07-23T04:28:29.462587+00:00,experiments/bs256_lr1e-4/base/fid_cfg1_50k.tsv
Base,1500000,299.7601918465228,44.962781651113005,1.0,50176,/home/nvidia/SiT-official-bs256/results-official-bs256-400k/000-SiT-S-2-Linear-velocity-None/checkpoints/1500000.pt,2026-07-23T07:12:39.286539+00:00,experiments/bs256_lr1e-4/base/fid_cfg1_50k.tsv
Base,1550000,309.75219824140686,44.842452348401196,1.0,50176,/home/nvidia/SiT-official-bs256/results-official-bs256-400k/000-SiT-S-2-Linear-velocity-None/checkpoints/1550000.pt,2026-07-23T09:56:37.374904+00:00,experiments/bs256_lr1e-4/base/fid_cfg1_50k.tsv
Base,1600000,319.744204636291,44.640852044147266,1.0,50176,/home/nvidia/SiT-official-bs256/results-official-bs256-400k/000-SiT-S-2-Linear-velocity-None/checkpoints/1600000.pt,2026-07-23T12:40:46.596453+00:00,experiments/bs256_lr1e-4/base/fid_cfg1_50k.tsv
Base,1650000,329.73621103117506,44.237907149190846,1.0,50176,/home/nvidia/SiT-official-bs256/results-official-bs256-400k/000-SiT-S-2-Linear-velocity-None/checkpoints/1650000.pt,2026-07-23T15:24:58.652950+00:00,experiments/bs256_lr1e-4/base/fid_cfg1_50k.tsv
Base,1700000,339.72821742605913,44.136045077932806,1.0,50176,/home/nvidia/SiT-official-bs256/results-official-bs256-400k/000-SiT-S-2-Linear-velocity-None/checkpoints/1700000.pt,2026-07-23T18:26:45.897450+00:00,experiments/bs256_lr1e-4/base/fid_cfg1_50k.tsv
Base,1750000,349.72022382094326,43.767861385718845,1.0,50176,/home/nvidia/SiT-official-bs256/results-official-bs256-400k/000-SiT-S-2-Linear-velocity-None/checkpoints/1750000.pt,2026-07-23T21:10:59.723969+00:00,experiments/bs256_lr1e-4/base/fid_cfg1_50k.tsv
Base,1800000,359.71223021582733,43.64788291826136,1.0,50176,/home/nvidia/SiT-official-bs256/results-official-bs256-400k/000-SiT-S-2-Linear-velocity-None/checkpoints/1800000.pt,2026-07-23T23:55:10.773687+00:00,experiments/bs256_lr1e-4/base/fid_cfg1_50k.tsv
Base,1850000,369.7042366107114,43.409102472303005,1.0,50176,/home/nvidia/SiT-official-bs256/results-official-bs256-400k/000-SiT-S-2-Linear-velocity-None/checkpoints/1850000.pt,2026-07-24T02:39:16.581973+00:00,experiments/bs256_lr1e-4/base/fid_cfg1_50k.tsv
Base,1900000,379.69624300559553,43.21848172913133,1.0,50176,/home/nvidia/SiT-official-bs256/results-official-bs256-400k/000-SiT-S-2-Linear-velocity-None/checkpoints/1900000.pt,2026-07-24T05:23:19.752006+00:00,experiments/bs256_lr1e-4/base/fid_cfg1_50k.tsv
Base,1950000,389.6882494004796,42.921743510806834,1.0,50176,/home/nvidia/SiT-official-bs256/results-official-bs256-400k/000-SiT-S-2-Linear-velocity-None/checkpoints/1950000.pt,2026-07-24T08:07:41.369097+00:00,experiments/bs256_lr1e-4/base/fid_cfg1_50k.tsv
Base,2000000,399.68025579536373,42.80858523280904,1.0,50176,/home/nvidia/SiT-official-bs256/results-official-bs256-400k/000-SiT-S-2-Linear-velocity-None/checkpoints/2000000.pt,2026-07-24T10:51:57.437664+00:00,experiments/bs256_lr1e-4/base/fid_cfg1_50k.tsv
Base,2050000,409.6722621902478,42.67307960077221,1.0,50176,/home/nvidia/SiT-official-bs256/results-official-bs256-400k/000-SiT-S-2-Linear-velocity-None/checkpoints/2050000.pt,2026-07-24T13:36:12.546595+00:00,experiments/bs256_lr1e-4/base/fid_cfg1_50k.tsv
Base,2100000,419.6642685851319,42.443703960448886,1.0,50176,/home/nvidia/SiT-official-bs256/results-official-bs256-400k/000-SiT-S-2-Linear-velocity-None/checkpoints/2100000.pt,2026-07-24T16:21:04.406803+00:00,experiments/bs256_lr1e-4/base/fid_cfg1_50k.tsv
Base,2150000,429.656274980016,42.50299269928496,1.0,50176,/home/nvidia/SiT-official-bs256/results-official-bs256-400k/000-SiT-S-2-Linear-velocity-None/checkpoints/2150000.pt,2026-07-24T19:22:47.091546+00:00,experiments/bs256_lr1e-4/base/fid_cfg1_50k.tsv
Base,2200000,439.6482813749001,42.20738877449185,1.0,50176,/home/nvidia/SiT-official-bs256/results-official-bs256-400k/000-SiT-S-2-Linear-velocity-None/checkpoints/2200000.pt,2026-07-27T04:37:51.175075+00:00,experiments/bs256_lr1e-4/base/fid_cfg1_50k.tsv
Base,2250000,449.64028776978415,42.09083954185155,1.0,50176,/home/nvidia/SiT-official-bs256/results-official-bs256-400k/000-SiT-S-2-Linear-velocity-None/checkpoints/2250000.pt,2026-07-27T07:22:06.775572+00:00,experiments/bs256_lr1e-4/base/fid_cfg1_50k.tsv
Base,2300000,459.6322941646683,41.95050261156155,1.0,50176,/home/nvidia/SiT-official-bs256/results-official-bs256-400k/000-SiT-S-2-Linear-velocity-None/checkpoints/2300000.pt,2026-07-27T10:06:30.595161+00:00,experiments/bs256_lr1e-4/base/fid_cfg1_50k.tsv
Base,2350000,469.62430055955235,41.72793962332611,1.0,50176,/home/nvidia/SiT-official-bs256/results-official-bs256-400k/000-SiT-S-2-Linear-velocity-None/checkpoints/2350000.pt,2026-07-27T12:51:06.430298+00:00,experiments/bs256_lr1e-4/base/fid_cfg1_50k.tsv
Base,2400000,479.6163069544364,41.68562578798634,1.0,50176,/home/nvidia/SiT-official-bs256/results-official-bs256-400k/000-SiT-S-2-Linear-velocity-None/checkpoints/2400000.pt,2026-07-27T15:35:39.897651+00:00,experiments/bs256_lr1e-4/base/fid_cfg1_50k.tsv
Base,2450000,489.60831334932055,41.43696452027939,1.0,50176,/home/nvidia/SiT-official-bs256/results-official-bs256-400k/000-SiT-S-2-Linear-velocity-None/checkpoints/2450000.pt,2026-07-27T18:20:03.971453+00:00,experiments/bs256_lr1e-4/base/fid_cfg1_50k.tsv
Base,2500000,499.6003197442046,41.54235319764359,1.0,50176,/home/nvidia/SiT-official-bs256/results-official-bs256-400k/000-SiT-S-2-Linear-velocity-None/checkpoints/2500000.pt,2026-07-27T21:04:36.195527+00:00,experiments/bs256_lr1e-4/base/fid_cfg1_50k.tsv
Base,2550000,509.59232613908875,41.33031665291526,1.0,50176,/home/nvidia/SiT-official-bs256/results-official-bs256-400k/000-SiT-S-2-Linear-velocity-None/checkpoints/2550000.pt,2026-07-28T18:27:35.792552+00:00,experiments/bs256_lr1e-4/base/fid_cfg1_50k.tsv
Base,2600000,519.5843325339728,41.09229129923432,1.0,50176,/home/nvidia/SiT-official-bs256/results-official-bs256-400k/000-SiT-S-2-Linear-velocity-None/checkpoints/2600000.pt,2026-07-28T21:12:00.197229+00:00,experiments/bs256_lr1e-4/base/fid_cfg1_50k.tsv
Base,2650000,529.5763389288569,41.04462000106378,1.0,50176,/home/nvidia/SiT-official-bs256/results-official-bs256-400k/000-SiT-S-2-Linear-velocity-None/checkpoints/2650000.pt,2026-07-28T23:56:30.747960+00:00,experiments/bs256_lr1e-4/base/fid_cfg1_50k.tsv
Base,2700000,539.568345323741,40.986577043428895,1.0,50176,/home/nvidia/SiT-official-bs256/results-official-bs256-400k/000-SiT-S-2-Linear-velocity-None/checkpoints/2700000.pt,2026-07-29T02:41:03.183436+00:00,experiments/bs256_lr1e-4/base/fid_cfg1_50k.tsv
Base,2750000,549.5603517186252,40.88498184813966,1.0,50176,/home/nvidia/SiT-official-bs256/results-official-bs256-400k/000-SiT-S-2-Linear-velocity-None/checkpoints/2750000.pt,2026-07-29T05:25:36.916055+00:00,experiments/bs256_lr1e-4/base/fid_cfg1_50k.tsv
Base,2800000,559.5523581135092,40.794031115349355,1.0,50176,/home/nvidia/SiT-official-bs256/results-official-bs256-400k/000-SiT-S-2-Linear-velocity-None/checkpoints/2800000.pt,2026-07-29T08:10:12.737171+00:00,experiments/bs256_lr1e-4/base/fid_cfg1_50k.tsv
Base,2850000,569.5443645083933,40.42894815467065,1.0,50176,/home/nvidia/SiT-official-bs256/results-official-bs256-400k/000-SiT-S-2-Linear-velocity-None/checkpoints/2850000.pt,2026-07-29T10:54:46.079051+00:00,experiments/bs256_lr1e-4/base/fid_cfg1_50k.tsv
Base,2900000,579.5363709032774,40.422900985210845,1.0,50176,/home/nvidia/SiT-official-bs256/results-official-bs256-400k/000-SiT-S-2-Linear-velocity-None/checkpoints/2900000.pt,2026-07-29T13:39:29.665685+00:00,experiments/bs256_lr1e-4/base/fid_cfg1_50k.tsv
Base,2950000,589.5283772981614,40.54817889332162,1.0,50176,/home/nvidia/SiT-official-bs256/results-official-bs256-400k/000-SiT-S-2-Linear-velocity-None/checkpoints/2950000.pt,2026-07-29T16:46:35.078607+00:00,experiments/bs256_lr1e-4/base/fid_cfg1_50k.tsv
Base,3000000,599.5203836930456,40.46896141626422,1.0,50176,/home/nvidia/SiT-official-bs256/results-official-bs256-400k/000-SiT-S-2-Linear-velocity-None/checkpoints/3000000.pt,2026-07-29T19:31:07.135111+00:00,experiments/bs256_lr1e-4/base/fid_cfg1_50k.tsv
Base,3050000,609.5123900879297,40.25837670401995,1.0,50176,/home/nvidia/SiT-official-bs256/results-official-bs256-400k/000-SiT-S-2-Linear-velocity-None/checkpoints/3050000.pt,2026-07-29T22:15:37.950844+00:00,experiments/bs256_lr1e-4/base/fid_cfg1_50k.tsv
Base,3100000,619.5043964828137,40.21306397405647,1.0,50176,/home/nvidia/SiT-official-bs256/results-official-bs256-400k/000-SiT-S-2-Linear-velocity-None/checkpoints/3100000.pt,2026-07-30T01:00:08.137327+00:00,experiments/bs256_lr1e-4/base/fid_cfg1_50k.tsv
Base,3150000,629.4964028776978,40.238701584494436,1.0,50176,/home/nvidia/SiT-official-bs256/results-official-bs256-400k/000-SiT-S-2-Linear-velocity-None/checkpoints/3150000.pt,2026-07-30T03:44:41.736117+00:00,experiments/bs256_lr1e-4/base/fid_cfg1_50k.tsv
Base,3250000,649.480415667466,39.798277728671735,1.0,50176,/home/nvidia/SiT-official-bs256/results-official-bs256-400k/000-SiT-S-2-Linear-velocity-None/checkpoints/3250000.pt,2026-07-30T09:08:00.799118+00:00,experiments/bs256_lr1e-4/base/fid_cfg1_50k.tsv
Base,3500000,699.4404476418865,39.5760757594021,1.0,50176,/home/nvidia/SiT-official-bs256/results-official-bs256-400k/000-SiT-S-2-Linear-velocity-None/checkpoints/3500000.pt,2026-07-30T22:46:26.192799+00:00,experiments/bs256_lr1e-4/base/fid_cfg1_50k.tsv
Base,3750000,749.4004796163069,39.16467116363083,1.0,50176,/home/nvidia/SiT-official-bs256/results-official-bs256-400k/000-SiT-S-2-Linear-velocity-None/checkpoints/3750000.pt,2026-07-31T12:03:12.844048+00:00,experiments/bs256_lr1e-4/base/fid_cfg1_50k.tsv
Base,4000000,799.3605115907275,38.87082736834208,1.0,50176,/home/nvidia/SiT-official-bs256/results-official-bs256-400k/000-SiT-S-2-Linear-velocity-None/checkpoints/4000000.pt,2026-08-01T01:39:07.070873+00:00,experiments/bs256_lr1e-4/base/fid_cfg1_50k.tsv
Rotation-layer,250000,49.96003197442047,67.91903261534316,1.0,50176,/home/nvidia/SiT-rot-layer-bs256/results-200ep/SiT-S-2-RotLayer-bs256-lr1e-4-200ep/checkpoints/0250000.pt,2026-08-01T21:02:29.476441+00:00,experiments/bs256_lr1e-4/rotation-layer/fid_cfg1_50k.tsv
Rotation-layer,500000,99.92006394884093,57.01010638417159,1.0,50176,/home/nvidia/SiT-rot-layer-bs256/results-200ep/SiT-S-2-RotLayer-bs256-lr1e-4-200ep/checkpoints/0500000.pt,2026-08-02T10:11:28.935049+00:00,experiments/bs256_lr1e-4/rotation-layer/fid_cfg1_50k.tsv
Rotation-layer,750000,149.8800959232614,52.441390102274056,1.0,50176,/home/nvidia/SiT-rot-layer-bs256/results-200ep/SiT-S-2-RotLayer-bs256-lr1e-4-200ep/checkpoints/0750000.pt,2026-08-02T23:36:06.565998+00:00,experiments/bs256_lr1e-4/rotation-layer/fid_cfg1_50k.tsv
Rotation-layer,1000000,199.84012789768187,49.64487908424047,1.0,50176,/home/nvidia/SiT-rot-layer-bs256/results-200ep/SiT-S-2-RotLayer-bs256-lr1e-4-200ep/checkpoints/1000000.pt,2026-08-03T12:45:14.796403+00:00,experiments/bs256_lr1e-4/rotation-layer/fid_cfg1_50k.tsv
Rotation-layer,1000800,200.0,49.63772618622812,1.0,50176,/home/nvidia/SiT-rot-layer-bs256/results-200ep/SiT-S-2-RotLayer-bs256-lr1e-4-200ep/checkpoints/1000800.pt,2026-08-04T15:15:35.360973+00:00,experiments/bs256_lr1e-4/rotation-layer/fid_cfg1_50k.tsv
Rotation-layer,1250000,249.8001598721023,47.591701349064124,1.0,50176,/home/nvidia/SiT-rot-layer-bs256/results-200ep/SiT-S-2-RotLayer-bs256-lr1e-4-200ep/checkpoints/1250000.pt,2026-08-05T04:47:11.319539+00:00,experiments/bs256_lr1e-4/rotation-layer/fid_cfg1_50k.tsv
Rotation-layer,1500000,299.7601918465228,46.44435903091937,1.0,50176,/home/nvidia/SiT-rot-layer-bs256/results-200ep/SiT-S-2-RotLayer-bs256-lr1e-4-200ep/checkpoints/1500000.pt,2026-08-05T18:19:19.835092+00:00,experiments/bs256_lr1e-4/rotation-layer/fid_cfg1_50k.tsv
Rotation-layer,1750000,349.72022382094326,45.36629934762789,1.0,50176,/home/nvidia/SiT-rot-layer-bs256/results-200ep/SiT-S-2-RotLayer-bs256-lr1e-4-200ep/checkpoints/1750000.pt,2026-08-06T07:30:17.398008+00:00,experiments/bs256_lr1e-4/rotation-layer/fid_cfg1_50k.tsv
Rotation-layer,2000000,399.68025579536373,44.46750925270834,1.0,50176,/home/nvidia/SiT-rot-layer-bs256/results-200ep/SiT-S-2-RotLayer-bs256-lr1e-4-200ep/checkpoints/2000000.pt,2026-08-06T21:00:42.968130+00:00,experiments/bs256_lr1e-4/rotation-layer/fid_cfg1_50k.tsv
Rotation-layer,2250000,449.64028776978415,43.70016640676096,1.0,50176,/home/nvidia/SiT-rot-layer-bs256/results-200ep/SiT-S-2-RotLayer-bs256-lr1e-4-200ep/checkpoints/2250000.pt,2026-08-07T10:10:54.646029+00:00,experiments/bs256_lr1e-4/rotation-layer/fid_cfg1_50k.tsv
Rotation-layer,2500000,499.6003197442046,43.01911391830271,1.0,50176,/home/nvidia/SiT-rot-layer-bs256/results-200ep/SiT-S-2-RotLayer-bs256-lr1e-4-200ep/checkpoints/2500000.pt,2026-08-07T23:39:35.548958+00:00,experiments/bs256_lr1e-4/rotation-layer/fid_cfg1_50k.tsv
Rotation-layer,2750000,549.5603517186252,42.307006340956036,1.0,50176,/home/nvidia/SiT-rot-layer-bs256/results-200ep/SiT-S-2-RotLayer-bs256-lr1e-4-200ep/checkpoints/2750000.pt,2026-08-08T12:50:10.743320+00:00,experiments/bs256_lr1e-4/rotation-layer/fid_cfg1_50k.tsv
Rotation-layer,3000000,599.5203836930456,41.88882400358102,1.0,50176,/home/nvidia/SiT-rot-layer-bs256/results-200ep/SiT-S-2-RotLayer-bs256-lr1e-4-200ep/checkpoints/3000000.pt,2026-08-09T02:17:50.216261+00:00,experiments/bs256_lr1e-4/rotation-layer/fid_cfg1_50k.tsv
Rotation-layer,3250000,649.480415667466,41.4511384135609,1.0,50176,/home/nvidia/SiT-rot-layer-bs256/results-200ep/SiT-S-2-RotLayer-bs256-lr1e-4-200ep/checkpoints/3250000.pt,2026-08-09T15:28:36.464899+00:00,experiments/bs256_lr1e-4/rotation-layer/fid_cfg1_50k.tsv
Rotation-layer,3500000,699.4404476418865,41.06018444188339,1.0,50176,/home/nvidia/SiT-rot-layer-bs256/results-200ep/SiT-S-2-RotLayer-bs256-lr1e-4-200ep/checkpoints/3500000.pt,2026-08-10T04:56:51.985194+00:00,experiments/bs256_lr1e-4/rotation-layer/fid_cfg1_50k.tsv
Rotation-layer,3750000,749.4004796163069,40.635836038709044,1.0,50176,/home/nvidia/SiT-rot-layer-bs256/results-200ep/SiT-S-2-RotLayer-bs256-lr1e-4-200ep/checkpoints/3750000.pt,2026-08-10T18:25:12.497226+00:00,experiments/bs256_lr1e-4/rotation-layer/fid_cfg1_50k.tsv
Rotation-layer,4000000,799.3605115907275,40.273841521884094,1.0,50176,/home/nvidia/SiT-rot-layer-bs256/results-200ep/SiT-S-2-RotLayer-bs256-lr1e-4-200ep/checkpoints/4000000.pt,2026-08-11T07:36:22.477469+00:00,experiments/bs256_lr1e-4/rotation-layer/fid_cfg1_50k.tsv
Conv-layer,250000,49.96003197442047,68.02801770968483,1.0,50176,/data/nvidia/SiT-conv-layer-bs256/results-800ep/SiT-S-2-ConvLayer-bs256-lr1e-4-800ep/checkpoints/0250000.pt,2026-08-12T02:49:22.920355+00:00,experiments/bs256_lr1e-4/conv-layer/fid_cfg1_50k.tsv
Conv-layer,500000,99.92006394884093,56.895089833391694,1.0,50176,/data/nvidia/SiT-conv-layer-bs256/results-800ep/SiT-S-2-ConvLayer-bs256-lr1e-4-800ep/checkpoints/0500000.pt,2026-08-12T16:07:49.756361+00:00,experiments/bs256_lr1e-4/conv-layer/fid_cfg1_50k.tsv
Conv-layer,750000,149.8800959232614,51.979633242087516,1.0,50176,/data/nvidia/SiT-conv-layer-bs256/results-800ep/SiT-S-2-ConvLayer-bs256-lr1e-4-800ep/checkpoints/0750000.pt,2026-08-13T05:38:42.872765+00:00,experiments/bs256_lr1e-4/conv-layer/fid_cfg1_50k.tsv
Conv-layer,1000000,199.84012789768187,49.241666747978115,1.0,50176,/data/nvidia/SiT-conv-layer-bs256/results-800ep/SiT-S-2-ConvLayer-bs256-lr1e-4-800ep/checkpoints/1000000.pt,2026-08-13T19:10:04.964165+00:00,experiments/bs256_lr1e-4/conv-layer/fid_cfg1_50k.tsv
Conv-layer,1250000,249.8001598721023,47.5775979137519,1.0,50176,/data/nvidia/SiT-conv-layer-bs256/results-800ep/SiT-S-2-ConvLayer-bs256-lr1e-4-800ep/checkpoints/1250000.pt,2026-08-14T08:27:28.159212+00:00,experiments/bs256_lr1e-4/conv-layer/fid_cfg1_50k.tsv
Conv-layer,1500000,299.7601918465228,46.296574099817235,1.0,50176,/data/nvidia/SiT-conv-layer-bs256/results-800ep/SiT-S-2-ConvLayer-bs256-lr1e-4-800ep/checkpoints/1500000.pt,2026-08-14T21:59:13.996458+00:00,experiments/bs256_lr1e-4/conv-layer/fid_cfg1_50k.tsv
Conv-layer,1750000,349.72022382094326,45.23863928744123,1.0,50176,/data/nvidia/SiT-conv-layer-bs256/results-800ep/SiT-S-2-ConvLayer-bs256-lr1e-4-800ep/checkpoints/1750000.pt,2026-08-15T11:18:22.287188+00:00,experiments/bs256_lr1e-4/conv-layer/fid_cfg1_50k.tsv
